{
    "rotation_parametrization": "procrustes",
    "translation_vec_len": 3,
    "model_path_vec_len": 8,
    "max_num_objects_per_scene": 34,
    "mean_num_objects_per_scene": 17.13766724625253,
    "model_paths": [
        "package://greg/models/plates_cups_and_bowls/cups/Threshold_Porcelain_Teapot_White/model_simplified.sdf",
        "package://greg/models/misc/steamer_bottom/model.sdf",
        "package://greg/models/plates_cups_and_bowls/plates/Threshold_Bistro_Ceramic_Dinner_Plate_Ruby_Ring/model_simplified.sdf",
        "package://greg/models/plates_cups_and_bowls/cups/coffee_cup_white/model_simplified.sdf",
        "package://greg/models/misc/steamer_top/model.sdf",
        "package://greg/models/plates_cups_and_bowls/plates/Threshold_Dinner_Plate_Square_Rim_White_Porcelain/model_simplified.sdf",
        "package://greg/models/misc/cafe_table/model.sdf"
    ],
    "normalizer_state": {
        "params": {
            "input_stats": {
                "data_range": [
                    0.9782707095146179,
                    0.9785030484199524,
                    0.9913649559020996,
                    2.0,
                    2.0,
                    0.12742342054843903,
                    2.0,
                    2.0,
                    0.13061320781707764,
                    0.11646681278944016,
                    0.11553381383419037,
                    1.0,
                    1.0,
                    1.0,
                    1.0,
                    1.0,
                    1.0,
                    1.0,
                    1.0,
                    1.0
                ],
                "max": [
                    0.49004510045051575,
                    0.4878935217857361,
                    0.9893108010292053,
                    1.0,
                    1.0,
                    0.06343686580657959,
                    1.0,
                    1.0,
                    0.06624835729598999,
                    0.055166516453027725,
                    0.061350662261247635,
                    1.0,
                    1.0,
                    1.0,
                    1.0,
                    1.0,
                    1.0,
                    1.0,
                    1.0,
                    1.0
                ],
                "min": [
                    -0.4882256090641022,
                    -0.4906095266342163,
                    -0.002054144162684679,
                    -1.0,
                    -1.0,
                    -0.06398655474185944,
                    -1.0,
                    -1.0,
                    -0.06436484307050705,
                    -0.06130029633641243,
                    -0.054183151572942734,
                    0.0,
                    0.0,
                    0.0,
                    0.0,
                    0.0,
                    0.0,
                    0.0,
                    0.0,
                    0.0
                ]
            },
            "min": [
                -0.0018599629402160645,
                0.0027756690979003906,
                -0.9958559274673462,
                0.0,
                0.0,
                0.004313826560974121,
                0.0,
                0.0,
                -0.014420568943023682,
                0.05266547203063965,
                -0.06203818321228027,
                -1.0,
                0.0,
                0.0,
                0.0,
                0.0,
                0.0,
                0.0,
                0.0,
                0.0
            ],
            "scale": [
                2.044423818588257,
                2.043938398361206,
                2.017420530319214,
                1.0,
                1.0,
                15.695701599121094,
                1.0,
                1.0,
                15.312387466430664,
                17.172273635864258,
                17.310949325561523,
                2.0,
                1.0,
                1.0,
                1.0,
                1.0,
                1.0,
                1.0,
                1.0,
                1.0
            ]
        },
        "is_fitted": true
    },
    "welded_object_model_paths": [
        "package://greg/models/misc/cafe_table/model.sdf"
    ],
    "is_one_hot_vector_normalized": false
}